timestamp,latitude,longitude,cellId,rsrp,mcc,mnc,tac,source
2025-08-29 21:08:51,35.7372087,51.5822478,44512023,-84,432,35,12464,LTE_registered
2025-08-29 21:08:52,35.7372015,51.5822469,44512023,-84,432,35,12464,LTE_registered
2025-08-29 21:08:54,35.7372011,51.582229,44512023,-83,432,35,12464,LTE_registered
2025-08-29 21:08:56,35.7371806,51.5821882,44512023,-81,432,35,12464,LTE_registered
2025-08-29 21:08:57,35.7371724,51.5821788,44512023,-85,432,35,12464,LTE_registered
2025-08-29 21:08:59,35.7371558,51.5821634,44512023,-85,432,35,12464,LTE_registered
2025-08-29 21:09:00,35.737147,51.5821543,44512023,-76,432,35,12464,LTE_registered
2025-08-29 21:09:02,35.7371152,51.5821461,44512023,-76,432,35,12464,LTE_registered
2025-08-29 21:09:04,35.7370924,51.5821381,44512023,-86,432,35,12464,LTE_registered
2025-08-29 21:09:06,35.7370669,51.5821365,44512023,-73,432,35,12464,LTE_registered
2025-08-29 21:09:08,35.737047,51.5821263,44512023,-73,432,35,12464,LTE_registered
2025-08-29 21:09:09,35.7370371,51.5821195,44512023,-82,432,35,12464,LTE_registered
2025-08-29 21:09:11,35.7370186,51.5821061,44512023,-87,432,35,12464,LTE_registered
2025-08-29 21:09:12,35.7370044,51.5820999,44512023,-87,432,35,12464,LTE_registered
2025-08-29 21:09:13,35.7369945,51.582096,44512023,-84,432,35,12464,LTE_registered
2025-08-29 21:09:14,35.7369826,51.5820918,44512023,-84,432,35,12464,LTE_registered
2025-08-29 21:09:16,35.7369581,51.5820838,44512023,-90,432,35,12464,LTE_registered
2025-08-29 21:09:17,35.7369488,51.5820802,44512023,-93,432,35,12464,LTE_registered
2025-08-29 21:09:18,35.736938,51.5820745,44512023,-93,432,35,12464,LTE_registered
2025-08-29 21:09:19,35.7369259,51.5820674,44512023,-89,432,35,12464,LTE_registered
2025-08-29 21:09:21,35.7369032,51.5820529,44512023,-89,432,35,12464,LTE_registered
2025-08-29 21:09:22,35.7368924,51.5820464,44512023,-95,432,35,12464,LTE_registered
2025-08-29 21:09:24,35.7368736,51.582031,44512023,-87,432,35,12464,LTE_registered
2025-08-29 21:09:26,35.7368505,51.5820089,44512023,-87,432,35,12464,LTE_registered
2025-08-29 21:09:27,35.7368451,51.582004,44512023,-93,432,35,12464,LTE_registered
2025-08-29 21:09:29,35.7368244,51.5819926,44512023,-91,432,35,12464,LTE_registered
2025-08-29 21:09:31,35.7368002,51.5819774,44512023,-96,432,35,12464,LTE_registered
2025-08-29 21:09:33,35.7367832,51.5819681,43902232,-98,432,35,12464,LTE_registered
2025-08-29 21:09:34,35.7367742,51.5819655,43902232,-98,432,35,12464,LTE_registered
2025-08-29 21:09:36,35.7367533,51.5819577,43902232,-93,432,35,12464,LTE_registered
2025-08-29 21:09:38,35.7367312,51.5819491,43902232,-93,432,35,12464,LTE_registered
2025-08-29 21:09:39,35.7367219,51.5819427,43902232,-97,432,35,12464,LTE_registered
2025-08-29 21:09:40,35.7367126,51.581936,43902232,-97,432,35,12464,LTE_registered
2025-08-29 21:09:41,35.7367026,51.5819291,43902232,-96,432,35,12464,LTE_registered
2025-08-29 21:09:43,35.7366817,51.5819127,43902232,-96,432,35,12464,LTE_registered
2025-08-29 21:09:45,35.7366599,51.5818928,43902232,-99,432,35,12464,LTE_registered
2025-08-29 21:09:47,35.7366431,51.5818799,43902232,-99,432,35,12464,LTE_registered
2025-08-29 21:09:48,35.7366254,51.581865,43902232,-98,432,35,12464,LTE_registered
2025-08-29 21:09:50,35.7366034,51.5818488,43902232,-95,432,35,12464,LTE_registered
2025-08-29 21:09:52,35.7365797,51.581835,43902232,-95,432,35,12464,LTE_registered
2025-08-29 21:09:53,35.7365709,51.5818272,43902232,-96,432,35,12464,LTE_registered
2025-08-29 21:09:55,35.7365522,51.58181,43902232,-101,432,35,12464,LTE_registered
2025-08-29 21:09:56,35.7365421,51.5818017,43902232,-101,432,35,12464,LTE_registered
2025-08-29 21:09:58,35.7365214,51.5817871,43902232,-100,432,35,12464,LTE_registered
2025-08-29 21:09:59,35.7365126,51.5817808,43902232,-100,432,35,12464,LTE_registered
2025-08-29 21:10:01,35.7364938,51.5817639,43902232,-97,432,35,12464,LTE_registered
2025-08-29 21:10:03,35.7364746,51.5817511,43902232,-104,432,35,12464,LTE_registered
2025-08-29 21:10:04,35.7364656,51.5817427,44809494,-100,432,35,12464,LTE_registered
2025-08-29 21:10:06,35.7364403,51.5817208,44809494,-99,432,35,12464,LTE_registered
2025-08-29 21:10:08,35.736427,51.5817079,44809494,-99,432,35,12464,LTE_registered
2025-08-29 21:10:10,35.7364103,51.5816895,44809494,-100,432,35,12464,LTE_registered
2025-08-29 21:10:11,35.7363948,51.5816772,44809494,-100,432,35,12464,LTE_registered
2025-08-29 21:10:12,35.7363834,51.5816759,44809494,-101,432,35,12464,LTE_registered
2025-08-29 21:10:14,35.7363572,51.5816651,44809494,-102,432,35,12464,LTE_registered
2025-08-29 21:10:16,35.7363301,51.5816574,44809494,-102,432,35,12464,LTE_registered
2025-08-29 21:10:18,35.7363083,51.581654,44809484,-99,432,35,12464,LTE_registered
2025-08-29 21:10:19,35.7362942,51.5816513,44809544,-101,432,35,12464,LTE_registered
2025-08-29 21:10:20,35.7362828,51.5816475,44809544,-101,432,35,12464,LTE_registered
2025-08-29 21:10:21,35.7362713,51.5816418,44809544,-97,432,35,12464,LTE_registered
2025-08-29 21:10:23,35.7362466,51.5816308,44809544,-94,432,35,12464,LTE_registered
2025-08-29 21:10:25,35.736222,51.5816183,44809544,-94,432,35,12464,LTE_registered
2025-08-29 21:10:27,35.7362009,51.5816026,44809544,-99,432,35,12464,LTE_registered
2025-08-29 21:10:28,35.7361888,51.5815916,44809544,-99,432,35,12464,LTE_registered
2025-08-29 21:10:30,35.7361646,51.5815685,44809544,-97,432,35,12464,LTE_registered
2025-08-29 21:10:31,35.7361533,51.5815583,44809544,-97,432,35,12464,LTE_registered
2025-08-29 21:10:33,35.7361358,51.5815379,44809544,-99,432,35,12464,LTE_registered
2025-08-29 21:10:35,35.736113,51.581517,44809544,-100,432,35,12464,LTE_registered
2025-08-29 21:10:36,35.7361064,51.5815104,44809544,-100,432,35,12464,LTE_registered
2025-08-29 21:10:38,35.7360824,51.5814831,44809544,-102,432,35,12464,LTE_registered
2025-08-29 21:10:40,35.7360641,51.581471,44809544,-99,432,35,12464,LTE_registered
2025-08-29 21:10:42,35.7360403,51.5814579,44809544,-102,432,35,12464,LTE_registered
2025-08-29 21:10:44,35.7360273,51.5814515,44809544,-102,432,35,12464,LTE_registered
2025-08-29 21:10:45,35.736003,51.5814399,44809544,-100,432,35,12464,LTE_registered
2025-08-29 21:10:47,35.7359835,51.5814265,44809544,-100,432,35,12464,LTE_registered
2025-08-29 21:10:49,35.7359621,51.5814143,44809544,-97,432,35,12464,LTE_registered
2025-08-29 21:10:50,35.735946,51.5814081,44809544,-97,432,35,12464,LTE_registered
2025-08-29 21:10:51,35.7359356,51.5814033,44809544,-99,432,35,12464,LTE_registered
2025-08-29 21:10:52,35.7359245,51.5813968,44809544,-99,432,35,12464,LTE_registered
2025-08-29 21:10:54,35.7359037,51.5813812,44809544,-98,432,35,12464,LTE_registered
2025-08-29 21:10:56,35.7358825,51.5813681,44809544,-99,432,35,12464,LTE_registered
2025-08-29 21:10:58,35.7358638,51.5813486,44809544,-100,432,35,12464,LTE_registered
2025-08-29 21:10:59,35.7358532,51.5813412,44809544,-100,432,35,12464,LTE_registered
2025-08-29 21:11:01,35.7358346,51.581323,44809544,-99,432,35,12464,LTE_registered
2025-08-29 21:11:02,35.7358245,51.5813149,44809544,-99,432,35,12464,LTE_registered
2025-08-29 21:11:04,35.7358019,51.5813011,44809544,-103,432,35,12464,LTE_registered
2025-08-29 21:11:05,35.7357899,51.5812905,44809544,-101,432,35,12464,LTE_registered
2025-08-29 21:11:07,35.7357716,51.5812731,44809544,-100,432,35,12464,LTE_registered
2025-08-29 21:11:09,35.7357521,51.5812531,44809544,-100,432,35,12464,LTE_registered
2025-08-29 21:11:10,35.7357365,51.5812374,44809544,-100,432,35,12464,LTE_registered
2025-08-29 21:11:12,35.7357189,51.5812243,44809544,-101,432,35,12464,LTE_registered
2025-08-29 21:11:13,35.7357077,51.5812165,44809544,-101,432,35,12464,LTE_registered
2025-08-29 21:11:15,35.7356874,51.5811964,44809544,-101,432,35,12464,LTE_registered
2025-08-29 21:11:18,35.7356689,51.5811807,44809544,-101,432,35,12464,LTE_registered
2025-08-29 21:11:19,35.7356479,51.5811665,44809544,-103,432,35,12464,LTE_registered
2025-08-29 21:11:20,35.7356399,51.5811593,44809544,-102,432,35,12464,LTE_registered
2025-08-29 21:11:22,35.7356163,51.5811498,44809544,-101,432,35,12464,LTE_registered
2025-08-29 21:11:24,35.7355943,51.5811362,44809544,-101,432,35,12464,LTE_registered
2025-08-29 21:11:25,35.7355831,51.5811316,44809544,-102,432,35,12464,LTE_registered
2025-08-29 21:11:26,35.7355734,51.5811248,44809544,-102,432,35,12464,LTE_registered
2025-08-29 21:11:28,35.7355567,51.5811071,44809544,-102,432,35,12464,LTE_registered
2025-08-29 21:11:29,35.7355467,51.5811007,44809544,-103,432,35,12464,LTE_registered
2025-08-29 21:11:31,35.7355366,51.5810778,44809544,-101,432,35,12464,LTE_registered
2025-08-29 21:11:32,35.7355286,51.5810682,44809544,-101,432,35,12464,LTE_registered
2025-08-29 21:11:34,35.7355175,51.5810605,44809544,-101,432,35,12464,LTE_registered
2025-08-29 21:11:35,35.7354918,51.5810506,44809544,-101,432,35,12464,LTE_registered
2025-08-29 21:11:37,35.7354729,51.5810445,44809544,-101,432,35,12464,LTE_registered
2025-08-29 21:11:38,35.735463,51.5810394,44809544,-101,432,35,12464,LTE_registered
2025-08-29 21:11:39,35.7354514,51.5810318,44809544,-101,432,35,12464,LTE_registered
2025-08-29 21:11:41,35.73543,51.5810198,44809544,-102,432,35,12464,LTE_registered
2025-08-29 21:11:42,35.7354205,51.5810103,44809544,-102,432,35,12464,LTE_registered
2025-08-29 21:11:44,35.7354014,51.5809914,44809544,-101,432,35,12464,LTE_registered
2025-08-29 21:11:45,35.7353872,51.5809767,44809544,-101,432,35,12464,LTE_registered
2025-08-29 21:11:46,35.735382,51.5809718,44809544,-102,432,35,12464,LTE_registered
2025-08-29 21:11:48,35.7353669,51.58095,44809544,-103,432,35,12464,LTE_registered
2025-08-29 21:11:49,35.735357,51.5809388,44809544,-103,432,35,12464,LTE_registered
2025-08-29 21:11:50,35.7353414,51.5809227,44809544,-101,432,35,12464,LTE_registered
2025-08-29 21:11:52,35.7353238,51.5809069,44809544,-101,432,35,12464,LTE_registered
2025-08-29 21:11:53,35.7353141,51.5808945,44809544,-103,432,35,12464,LTE_registered
2025-08-29 21:11:54,35.7353032,51.580886,44809544,-103,432,35,12464,LTE_registered
2025-08-29 21:11:56,35.73528,51.5808736,44809544,-103,432,35,12464,LTE_registered
2025-08-29 21:11:57,35.7352677,51.580869,44809544,-103,432,35,12464,LTE_registered
2025-08-29 21:12:00,35.7352432,51.5808602,44809544,-101,432,35,12464,LTE_registered
2025-08-29 21:12:01,35.7352223,51.5808503,44809544,-101,432,35,12464,LTE_registered
2025-08-29 21:12:02,35.7352106,51.5808463,44809544,-100,432,35,12464,LTE_registered
2025-08-29 21:12:04,35.7351869,51.5808398,44809544,-101,432,35,12464,LTE_registered
2025-08-29 21:12:06,35.7351609,51.58083,44809544,-101,432,35,12464,LTE_registered
2025-08-29 21:12:07,35.73515,51.5808191,44809544,-95,432,35,12464,LTE_registered
2025-08-29 21:12:09,35.735126,51.5807976,44809544,-94,432,35,12464,LTE_registered
2025-08-29 21:12:11,35.7351016,51.580774,44809544,-94,432,35,12464,LTE_registered
2025-08-29 21:12:12,35.7350903,51.5807645,44809544,-99,432,35,12464,LTE_registered
2025-08-29 21:12:13,35.735078,51.5807556,44809544,-99,432,35,12464,LTE_registered
2025-08-29 21:12:14,35.735065,51.5807475,44809544,-93,432,35,12464,LTE_registered
2025-08-29 21:12:16,35.7350392,51.580732,44809544,-93,432,35,12464,LTE_registered
2025-08-29 21:12:18,35.735017,51.5807147,44809544,-97,432,35,12464,LTE_registered
2025-08-29 21:12:19,35.7350045,51.5807033,44809544,-97,432,35,12464,LTE_registered
2025-08-29 21:12:20,35.7349932,51.5806953,44809544,-99,432,35,12464,LTE_registered
2025-08-29 21:12:22,35.7349688,51.5806931,44809544,-96,432,35,12464,LTE_registered
2025-08-29 21:12:25,35.7349467,51.5807128,44809544,-96,432,35,12464,LTE_registered
2025-08-29 21:12:26,35.734929,51.5807423,44809544,-96,432,35,12464,LTE_registered
2025-08-29 21:12:27,35.734922,51.5807606,44809544,-100,432,35,12464,LTE_registered
2025-08-29 21:12:29,35.734906,51.5807896,44809544,-95,432,35,12464,LTE_registered
2025-08-29 21:12:30,35.7348927,51.5808063,44809544,-95,432,35,12464,LTE_registered
2025-08-29 21:12:32,35.7348779,51.5808239,44809544,-95,432,35,12464,LTE_registered
2025-08-29 21:12:34,35.7348591,51.5808453,44809544,-99,432,35,12464,LTE_registered
2025-08-29 21:12:35,35.7348429,51.5808582,44809544,-99,432,35,12464,LTE_registered
2025-08-29 21:12:37,35.734828,51.5808733,44809544,-100,432,35,12464,LTE_registered
2025-08-29 21:12:38,35.7348173,51.5808821,44809544,-100,432,35,12464,LTE_registered
2025-08-29 21:12:40,35.7347957,51.5809016,44809544,-101,432,35,12464,LTE_registered
2025-08-29 21:12:41,35.734785,51.5809105,44809544,-101,432,35,12464,LTE_registered
2025-08-29 21:12:43,35.7347655,51.580935,44809544,-101,432,35,12464,LTE_registered
2025-08-29 21:12:44,35.7347558,51.5809485,44809544,-97,432,35,12464,LTE_registered
2025-08-29 21:12:46,35.7347378,51.5809719,44809544,-97,432,35,12464,LTE_registered
2025-08-29 21:12:47,35.7347279,51.580984,44809544,-103,432,35,12464,LTE_registered
2025-08-29 21:12:48,35.7347205,51.5809955,44809544,-103,432,35,12464,LTE_registered
2025-08-29 21:12:49,35.7347123,51.5810062,44809544,-103,432,35,12464,LTE_registered
2025-08-29 21:12:50,35.7346975,51.5810242,44809544,-103,432,35,12464,LTE_registered
2025-08-29 21:12:51,35.7346945,51.5810286,44809544,-97,432,35,12464,LTE_registered
2025-08-29 21:12:53,35.7346752,51.581043,44809544,-97,432,35,12464,LTE_registered
2025-08-29 21:12:54,35.734666,51.5810516,44809544,-99,432,35,12464,LTE_registered
2025-08-29 21:12:56,35.7346455,51.5810696,44809544,-96,432,35,12464,LTE_registered
2025-08-29 21:12:58,35.7346245,51.5810889,44809544,-96,432,35,12464,LTE_registered
2025-08-29 21:12:59,35.7346103,51.5811066,44809544,-101,432,35,12464,LTE_registered
2025-08-29 21:13:01,35.7345953,51.5811187,44809544,-101,432,35,12464,LTE_registered
2025-08-29 21:13:04,35.7345768,51.5811364,44809544,-101,432,35,12464,LTE_registered
2025-08-29 21:13:05,35.7345501,51.5811492,44809544,-100,432,35,12464,LTE_registered
2025-08-29 21:13:06,35.7345424,51.5811549,44809544,-103,432,35,12464,LTE_registered
2025-08-29 21:13:08,35.7345247,51.5811744,44809544,-103,432,35,12464,LTE_registered
2025-08-29 21:13:10,35.7344993,51.5811993,44809544,-102,432,35,12464,LTE_registered
2025-08-29 21:13:12,35.7344818,51.5812144,44809544,-103,432,35,12464,LTE_registered
2025-08-29 21:13:14,35.734459,51.5812288,44809544,-103,432,35,12464,LTE_registered
2025-08-29 21:13:15,35.7344339,51.581243,44809544,-104,432,35,12464,LTE_registered
2025-08-29 21:13:17,35.7344155,51.5812525,44809544,-101,432,35,12464,LTE_registered
2025-08-29 21:13:18,35.7344052,51.58126,44809544,-101,432,35,12464,LTE_registered
2025-08-29 21:13:20,35.7343837,51.5812744,44809544,-103,432,35,12464,LTE_registered
2025-08-29 21:13:22,35.734366,51.581294,44809544,-104,432,35,12464,LTE_registered
2025-08-29 21:13:23,35.7343572,51.5813038,44809544,-104,432,35,12464,LTE_registered
2025-08-29 21:13:24,35.734348,51.581313,44809544,-105,432,35,12464,LTE_registered
2025-08-29 21:13:25,35.734339,51.5813226,44809544,-105,432,35,12464,LTE_registered
2025-08-29 21:13:26,35.7343282,51.5813365,44809544,-108,432,35,12464,LTE_registered
2025-08-29 21:13:28,35.734308,51.5813559,44809544,-110,432,35,12464,LTE_registered
2025-08-29 21:13:30,35.7342918,51.5813759,44809544,-110,432,35,12464,LTE_registered
2025-08-29 21:13:32,35.734279,51.5814032,44809544,-111,432,35,12464,LTE_registered
2025-08-29 21:13:34,35.7342684,51.5814119,44809494,-115,432,35,12464,LTE_registered
2025-08-29 21:13:35,35.7342518,51.5814301,44809494,-115,432,35,12464,LTE_registered
2025-08-29 21:13:36,35.734242,51.5814408,44809494,-117,432,35,12464,LTE_registered
2025-08-29 21:13:37,35.7342329,51.5814496,44809494,-117,432,35,12464,LTE_registered
2025-08-29 21:13:38,35.734224,51.5814585,43861771,-105,432,35,12464,LTE_registered
2025-08-29 21:13:40,35.7342106,51.5814763,43861771,-105,432,35,12464,LTE_registered
2025-08-29 21:13:41,35.7342032,51.5814847,43861771,-106,432,35,12464,LTE_registered
2025-08-29 21:13:43,35.7341838,51.5814983,43861771,-108,432,35,12464,LTE_registered
2025-08-29 21:13:44,35.7341715,51.5815041,43861771,-108,432,35,12464,LTE_registered
2025-08-29 21:13:46,35.7341473,51.5815107,43861771,-106,432,35,12464,LTE_registered
2025-08-29 21:13:48,35.7341291,51.5815288,43861771,-106,432,35,12464,LTE_registered
2025-08-29 21:13:49,35.7341187,51.5815385,43861771,-106,432,35,12464,LTE_registered
2025-08-29 21:13:51,35.7340962,51.5815585,43861771,-107,432,35,12464,LTE_registered
2025-08-29 21:13:52,35.7340902,51.581565,43861771,-106,432,35,12464,LTE_registered
2025-08-29 21:13:53,35.7340815,51.5815737,43861771,-106,432,35,12464,LTE_registered
2025-08-29 21:13:54,35.7340724,51.5815836,43861771,-103,432,35,12464,LTE_registered
2025-08-29 21:13:55,35.7340632,51.5815929,43861771,-103,432,35,12464,LTE_registered
2025-08-29 21:13:57,35.7340474,51.581612,43861771,-106,432,35,12464,LTE_registered
2025-08-29 21:13:59,35.7340244,51.581632,43861771,-109,432,35,12464,LTE_registered
2025-08-29 21:14:00,35.7340166,51.5816345,43861771,-109,432,35,12464,LTE_registered
2025-08-29 21:14:02,35.7340027,51.5816396,43861771,-105,432,35,12464,LTE_registered
2025-08-29 21:14:03,35.7339795,51.5816553,43861771,-107,432,35,12464,LTE_registered
2025-08-29 21:14:04,35.7339685,51.5816635,43861771,-107,432,35,12464,LTE_registered
2025-08-29 21:14:05,35.7339601,51.5816731,43861771,-108,432,35,12464,LTE_registered
2025-08-29 21:14:06,35.7339504,51.5816842,43861771,-108,432,35,12464,LTE_registered
2025-08-29 21:14:08,35.7339308,51.5817028,43861771,-107,432,35,12464,LTE_registered
2025-08-29 21:14:10,35.7339203,51.5817134,43861771,-107,432,35,12464,LTE_registered
2025-08-29 21:14:11,35.7339038,51.5817484,43861771,-107,432,35,12464,LTE_registered
2025-08-29 21:14:13,35.7338882,51.5817666,43861771,-103,432,35,12464,LTE_registered
2025-08-29 21:14:15,35.7338659,51.5817725,43861771,-104,432,35,12464,LTE_registered
2025-08-29 21:14:16,35.7338548,51.5817814,43861771,-104,432,35,12464,LTE_registered
2025-08-29 21:14:18,35.7338375,51.5817999,43861771,-105,432,35,12464,LTE_registered
2025-08-29 21:14:20,35.7338163,51.5818207,43861771,-109,432,35,12464,LTE_registered
2025-08-29 21:14:22,35.7337928,51.5818413,43861771,-110,432,35,12464,LTE_registered
2025-08-29 21:14:24,35.7337827,51.5818536,43861771,-110,432,35,12464,LTE_registered
2025-08-29 21:14:25,35.7337617,51.5818713,43861771,-111,432,35,12464,LTE_registered
2025-08-29 21:14:26,35.7337445,51.5818807,43861771,-104,432,35,12464,LTE_registered
2025-08-29 21:14:28,35.7337287,51.5819032,43861771,-104,432,35,12464,LTE_registered
2025-08-29 21:14:29,35.7337183,51.5819147,43861771,-112,432,35,12464,LTE_registered
2025-08-29 21:14:30,35.7337091,51.5819231,43861771,-112,432,35,12464,LTE_registered
2025-08-29 21:14:31,35.7336968,51.58193,43861771,-114,432,35,12464,LTE_registered
2025-08-29 21:14:32,35.7336887,51.5819372,43861771,-114,432,35,12464,LTE_registered
2025-08-29 21:14:34,35.7336707,51.5819502,43861771,-115,432,35,12464,LTE_registered
2025-08-29 21:14:35,35.7336611,51.5819447,43861771,-115,432,35,12464,LTE_registered
2025-08-29 21:14:36,35.7336484,51.581946,43861771,-111,432,35,12464,LTE_registered
2025-08-29 21:14:38,35.7336284,51.5819658,43861771,-111,432,35,12464,LTE_registered
2025-08-29 21:14:41,35.7336079,51.5819807,43861771,-112,432,35,12464,LTE_registered
2025-08-29 21:14:41,35.7335944,51.5819926,43902221,-103,432,35,12464,LTE_registered
2025-08-29 21:14:42,35.7335864,51.5820017,43902221,-103,432,35,12464,LTE_registered
2025-08-29 21:14:44,35.7335673,51.5820241,43902221,-110,432,35,12464,LTE_registered
2025-08-29 21:14:47,35.733539,51.5820456,43902221,-109,432,35,12464,LTE_registered
2025-08-29 21:14:47,35.7335344,51.5820535,43902221,-107,432,35,12464,LTE_registered
2025-08-29 21:14:49,35.7335172,51.5820776,43902221,-107,432,35,12464,LTE_registered
2025-08-29 21:14:50,35.7335073,51.5820882,43902221,-113,432,35,12464,LTE_registered
2025-08-29 21:14:51,35.7334982,51.5821028,43902221,-113,432,35,12464,LTE_registered
2025-08-29 21:14:54,35.7334835,51.5821239,43861831,-111,432,35,12464,LTE_registered
2025-08-29 21:14:55,35.7334669,51.5821405,43902231,-116,432,35,12464,LTE_registered
2025-08-29 21:14:57,35.7334457,51.5821563,43902231,-116,432,35,12464,LTE_registered
2025-08-29 21:14:59,35.7334274,51.5821789,43902231,-116,432,35,12464,LTE_registered
2025-08-29 21:15:00,35.7334177,51.582187,43902231,-114,432,35,12464,LTE_registered
2025-08-29 21:15:02,35.7333991,51.5822085,43902231,-114,432,35,12464,LTE_registered
2025-08-29 21:15:04,35.7333825,51.5822301,23366157,-70,432,11,45214,LTE_registered
2025-08-29 21:15:06,35.7333589,51.5822453,23366157,-72,432,11,45214,LTE_registered
2025-08-29 21:15:08,35.7333432,51.5822571,23366157,-74,432,11,45214,LTE_registered
2025-08-29 21:15:10,35.7333236,51.5822738,43902221,-104,432,35,12464,LTE_registered
2025-08-29 21:15:11,35.7333067,51.5822851,43861771,-107,432,35,12464,LTE_registered
2025-08-29 21:15:12,35.7333,51.5822933,43861771,-107,432,35,12464,LTE_registered
2025-08-29 21:15:14,35.7332781,51.5823127,43902231,-111,432,35,12464,LTE_registered
2025-08-29 21:15:16,35.7332529,51.5823334,43902231,-111,432,35,12464,LTE_registered
2025-08-29 21:15:17,35.733246,51.5823408,43902231,-111,432,35,12464,LTE_registered
2025-08-29 21:15:18,35.7332392,51.5823505,43902231,-111,432,35,12464,LTE_registered
2025-08-29 21:15:20,35.7332233,51.5823697,43902221,-106,432,35,12464,LTE_registered
2025-08-29 21:15:21,35.7332098,51.5823805,43902221,-106,432,35,12464,LTE_registered
2025-08-29 21:15:23,35.7331905,51.582393,43902221,-104,432,35,12464,LTE_registered
2025-08-29 21:15:25,35.7331793,51.5824004,43902232,-114,432,35,12464,LTE_registered
2025-08-29 21:15:26,35.7331615,51.5824177,43902232,-114,432,35,12464,LTE_registered
2025-08-29 21:15:28,35.7331408,51.5824367,43902231,-107,432,35,12464,LTE_registered
2025-08-29 21:15:29,35.7331306,51.5824455,43902231,-106,432,35,12464,LTE_registered
2025-08-29 21:15:31,35.7331006,51.5824641,43902231,-105,432,35,12464,LTE_registered
2025-08-29 21:15:32,35.7330976,51.5824707,43902231,-105,432,35,12464,LTE_registered
2025-08-29 21:15:33,35.7330895,51.5824796,43902231,-104,432,35,12464,LTE_registered
2025-08-29 21:15:35,35.7330707,51.5824956,43902231,-104,432,35,12464,LTE_registered
2025-08-29 21:15:37,35.7330439,51.5825132,43902231,-104,432,35,12464,LTE_registered
2025-08-29 21:15:38,35.7330356,51.5825224,43902231,-103,432,35,12464,LTE_registered
2025-08-29 21:15:39,35.7330251,51.5825324,43902231,-103,432,35,12464,LTE_registered
2025-08-29 21:15:41,35.7329953,51.5825558,43902231,-102,432,35,12464,LTE_registered
2025-08-29 21:15:43,35.7329765,51.5825754,43902231,-102,432,35,12464,LTE_registered
2025-08-29 21:15:46,35.7329584,51.5825965,43902231,-99,432,35,12464,LTE_registered
2025-08-29 21:15:47,35.7329369,51.5826107,43902231,-103,432,35,12464,LTE_registered
2025-08-29 21:15:49,35.7329205,51.582625,43902231,-100,432,35,12464,LTE_registered
2025-08-29 21:15:51,35.7328928,51.5826481,43902231,-94,432,35,12464,LTE_registered
2025-08-29 21:15:53,35.732881,51.5826625,43902231,-101,432,35,12464,LTE_registered
2025-08-29 21:15:55,35.732863,51.5826812,43902231,-94,432,35,12464,LTE_registered
2025-08-29 21:15:56,35.7328448,51.5826897,43902231,-94,432,35,12464,LTE_registered
2025-08-29 21:15:58,35.7328307,51.5827099,43902231,-101,432,35,12464,LTE_registered
2025-08-29 21:15:59,35.7328247,51.5827227,43902231,-103,432,35,12464,LTE_registered
2025-08-29 21:16:01,35.7328039,51.5827465,43902231,-103,432,35,12464,LTE_registered
2025-08-29 21:16:04,35.7327879,51.5827635,43902231,-98,432,35,12464,LTE_registered
2025-08-29 21:16:05,35.732774,51.5827867,43902231,-99,432,35,12464,LTE_registered
2025-08-29 21:16:06,35.7327664,51.5827972,43902231,-99,432,35,12464,LTE_registered
2025-08-29 21:16:08,35.732749,51.5828182,43902231,-100,432,35,12464,LTE_registered
2025-08-29 21:16:09,35.7327402,51.5828277,43902231,-101,432,35,12464,LTE_registered
2025-08-29 21:16:11,35.7327167,51.5828461,43902231,-101,432,35,12464,LTE_registered
2025-08-29 21:16:12,35.7327116,51.5828504,43902231,-105,432,35,12464,LTE_registered
2025-08-29 21:16:13,35.7327015,51.5828585,43902231,-105,432,35,12464,LTE_registered
2025-08-29 21:16:14,35.7326933,51.582865,43902231,-104,432,35,12464,LTE_registered
2025-08-29 21:16:16,35.7326698,51.5828766,43902231,-107,432,35,12464,LTE_registered
2025-08-29 21:16:17,35.7326635,51.5828835,43902231,-107,432,35,12464,LTE_registered
2025-08-29 21:16:19,35.7326455,51.5828992,43902231,-107,432,35,12464,LTE_registered
2025-08-29 21:16:20,35.7326349,51.582907,43902231,-107,432,35,12464,LTE_registered
2025-08-29 21:16:22,35.7326115,51.5829199,43902231,-108,432,35,12464,LTE_registered
2025-08-29 21:16:24,35.7325919,51.5829394,43902231,-108,432,35,12464,LTE_registered
2025-08-29 21:16:26,35.7325638,51.5829542,43902231,-105,432,35,12464,LTE_registered
2025-08-29 21:16:27,35.7325584,51.5829589,43902231,-107,432,35,12464,LTE_registered
2025-08-29 21:16:29,35.7325363,51.58297,43902231,-107,432,35,12464,LTE_registered
2025-08-29 21:16:31,35.7325101,51.5829857,43902231,-101,432,35,12464,LTE_registered
2025-08-29 21:16:32,35.732503,51.5829893,43902231,-103,432,35,12464,LTE_registered
2025-08-29 21:16:33,35.7324928,51.5829946,43902231,-103,432,35,12464,LTE_registered
2025-08-29 21:16:35,35.7324707,51.5830099,43902231,-104,432,35,12464,LTE_registered
2025-08-29 21:16:37,35.7324464,51.5830277,43902231,-106,432,35,12464,LTE_registered
2025-08-29 21:16:39,35.7324274,51.5830451,43902231,-104,432,35,12464,LTE_registered
2025-08-29 21:16:41,35.7324016,51.583068,43902231,-106,432,35,12464,LTE_registered
2025-08-29 21:16:42,35.7323988,51.583075,43902231,-106,432,35,12464,LTE_registered
2025-08-29 21:16:44,35.7323845,51.5830973,43902231,-106,432,35,12464,LTE_registered
2025-08-29 21:16:45,35.7323764,51.5831116,43902231,-99,432,35,12464,LTE_registered
2025-08-29 21:16:47,35.7323634,51.5831329,43902231,-99,432,35,12464,LTE_registered
2025-08-29 21:16:47,35.7323589,51.5831402,43902231,-104,432,35,12464,LTE_registered
2025-08-29 21:16:49,35.7323418,51.5831637,43902231,-107,432,35,12464,LTE_registered
2025-08-29 21:16:50,35.7323328,51.5831759,43902231,-107,432,35,12464,LTE_registered
2025-08-29 21:16:51,35.7323233,51.5831942,43902231,-106,432,35,12464,LTE_registered
2025-08-29 21:16:53,35.7323102,51.583214,43902231,-106,432,35,12464,LTE_registered
2025-08-29 21:16:55,35.7322878,51.5832299,43902231,-108,432,35,12464,LTE_registered
2025-08-29 21:16:57,35.7322726,51.5832408,43902231,-105,432,35,12464,LTE_registered
2025-08-29 21:16:59,35.7322682,51.5832694,43902231,-100,432,35,12464,LTE_registered
2025-08-29 21:17:01,35.7322725,51.583302,43902231,-99,432,35,12464,LTE_registered
2025-08-29 21:17:02,35.7322782,51.5833109,43902231,-99,432,35,12464,LTE_registered
2025-08-29 21:17:03,35.7322853,51.5833225,43902231,-94,432,35,12464,LTE_registered
2025-08-29 21:17:05,35.7322984,51.5833476,43902231,-94,432,35,12464,LTE_registered
2025-08-29 21:17:06,35.7323089,51.583357,43902231,-84,432,35,12464,LTE_registered
2025-08-29 21:17:07,35.7323171,51.5833675,43902231,-84,432,35,12464,LTE_registered
2025-08-29 21:17:08,35.7323236,51.5833768,43902231,-96,432,35,12464,LTE_registered
2025-08-29 21:17:10,35.7323296,51.5833889,43902231,-96,432,35,12464,LTE_registered
2025-08-29 21:17:11,35.7323414,51.5834098,43902231,-97,432,35,12464,LTE_registered
2025-08-29 21:17:12,35.732348,51.5834197,43902486,-96,432,35,12464,LTE_registered
2025-08-29 21:17:14,35.7323596,51.5834416,43902486,-96,432,35,12464,LTE_registered
2025-08-29 21:17:15,35.7323626,51.5834526,43902486,-87,432,35,12464,LTE_registered
2025-08-29 21:17:17,35.7323618,51.5834769,43902486,-95,432,35,12464,LTE_registered
2025-08-29 21:17:19,35.7323595,51.5834911,43902486,-95,432,35,12464,LTE_registered
2025-08-29 21:17:20,35.7323751,51.5835116,43902486,-86,432,35,12464,LTE_registered
2025-08-29 21:17:22,35.7323887,51.5835178,43902486,-92,432,35,12464,LTE_registered
2025-08-29 21:17:23,35.7324134,51.5835247,43902486,-92,432,35,12464,LTE_registered
2025-08-29 21:17:24,35.7324232,51.5835332,43902486,-89,432,35,12464,LTE_registered
2025-08-29 21:17:26,35.7324378,51.5835568,43902486,-89,432,35,12464,LTE_registered
2025-08-29 21:17:27,35.7324463,51.5835685,43902486,-90,432,35,12464,LTE_registered
2025-08-29 21:17:29,35.7324618,51.5835907,43902486,-90,432,35,12464,LTE_registered
2025-08-29 21:17:30,35.732467,51.5836042,43902486,-90,432,35,12464,LTE_registered
2025-08-29 21:17:31,35.7324719,51.5836176,43902486,-99,432,35,12464,LTE_registered
2025-08-29 21:17:32,35.7324784,51.5836305,43902486,-99,432,35,12464,LTE_registered
2025-08-29 21:17:34,35.7324881,51.5836538,43902487,-94,432,35,12464,LTE_registered
2025-08-29 21:17:36,35.7324931,51.583667,43902487,-85,432,35,12464,LTE_registered
2025-08-29 21:17:36,35.7324998,51.5836843,43902487,-85,432,35,12464,LTE_registered
2025-08-29 21:17:38,35.7325087,51.5837085,43902487,-89,432,35,12464,LTE_registered
2025-08-29 21:17:40,35.7325213,51.5837367,43902487,-86,432,35,12464,LTE_registered
2025-08-29 21:17:41,35.7325264,51.5837519,43902487,-86,432,35,12464,LTE_registered
2025-08-29 21:17:42,35.7325361,51.5837706,43902487,-80,432,35,12464,LTE_registered
2025-08-29 21:17:44,35.7325509,51.5837944,43902487,-80,432,35,12464,LTE_registered
2025-08-29 21:17:45,35.7325587,51.5838071,43902487,-77,432,35,12464,LTE_registered
2025-08-29 21:17:47,35.7325809,51.5838331,43902487,-77,432,35,12464,LTE_registered
2025-08-29 21:17:49,35.7325932,51.583857,43902487,-77,432,35,12464,LTE_registered
2025-08-29 21:17:50,35.7325996,51.5838693,43902487,-77,432,35,12464,LTE_registered
2025-08-29 21:17:52,35.7326161,51.5838914,43902487,-81,432,35,12464,LTE_registered
2025-08-29 21:17:53,35.7326223,51.5839003,43902487,-77,432,35,12464,LTE_registered
2025-08-29 21:17:55,35.7326327,51.5839275,43902487,-77,432,35,12464,LTE_registered
2025-08-29 21:17:56,35.7326373,51.5839429,43902487,-78,432,35,12464,LTE_registered
2025-08-29 21:17:58,35.7326486,51.5839676,43902487,-75,432,35,12464,LTE_registered
2025-08-29 21:18:01,35.7326622,51.5839941,43902487,-79,432,35,12464,LTE_registered
2025-08-29 21:18:02,35.7326795,51.5840107,43902487,-79,432,35,12464,LTE_registered
2025-08-29 21:18:04,35.7326894,51.5840344,43902487,-76,432,35,12464,LTE_registered
2025-08-29 21:18:05,35.7326954,51.5840468,43902487,-78,432,35,12464,LTE_registered
2025-08-29 21:18:08,35.732713,51.5840669,43902487,-76,432,35,12464,LTE_registered
2025-08-29 21:18:09,35.732722,51.5840909,43902487,-79,432,35,12464,LTE_registered
2025-08-29 21:18:11,35.7327344,51.5841165,43902487,-79,432,35,12464,LTE_registered
2025-08-29 21:18:13,35.7327497,51.5841398,43902487,-79,432,35,12464,LTE_registered
2025-08-29 21:18:15,35.7327653,51.5841615,43902487,-80,432,35,12464,LTE_registered
2025-08-29 21:18:18,35.7327811,51.584181,43902487,-78,432,35,12464,LTE_registered
2025-08-29 21:18:19,35.7327979,51.5842034,43902487,-79,432,35,12464,LTE_registered
2025-08-29 21:18:21,35.7328102,51.5842302,43902487,-76,432,35,12464,LTE_registered
2025-08-29 21:18:23,35.7328182,51.5842499,43902487,-76,432,35,12464,LTE_registered
2025-08-29 21:18:23,35.7328242,51.5842622,43902487,-79,432,35,12464,LTE_registered
2025-08-29 21:18:24,35.7328301,51.5842753,43902487,-79,432,35,12464,LTE_registered
2025-08-29 21:18:27,35.7328466,51.5843032,43902487,-76,432,35,12464,LTE_registered
2025-08-29 21:18:27,35.7328558,51.5843171,43902487,-78,432,35,12464,LTE_registered
2025-08-29 21:18:29,35.7328672,51.5843396,43902487,-78,432,35,12464,LTE_registered
2025-08-29 21:18:30,35.7328731,51.5843517,43902487,-79,432,35,12464,LTE_registered
2025-08-29 21:18:32,35.7328843,51.5843753,43902487,-73,432,35,12464,LTE_registered
2025-08-29 21:18:33,35.7328897,51.5843846,43902487,-73,432,35,12464,LTE_registered
2025-08-29 21:18:35,35.7329044,51.5844047,43902487,-77,432,35,12464,LTE_registered
2025-08-29 21:18:37,35.732918,51.5844283,43902487,-75,432,35,12464,LTE_registered
2025-08-29 21:18:38,35.7329244,51.5844385,43902487,-75,432,35,12464,LTE_registered
2025-08-29 21:18:39,35.7329315,51.5844491,43902487,-76,432,35,12464,LTE_registered
2025-08-29 21:18:41,35.7329497,51.5844706,43902487,-74,432,35,12464,LTE_registered
2025-08-29 21:18:42,35.7329602,51.5844841,43902487,-74,432,35,12464,LTE_registered
2025-08-29 21:18:44,35.732974,51.5845048,43902487,-81,432,35,12464,LTE_registered
2025-08-29 21:18:45,35.7329817,51.5845172,43902487,-76,432,35,12464,LTE_registered
2025-08-29 21:18:47,35.7329999,51.5845441,43902487,-76,432,35,12464,LTE_registered
2025-08-29 21:18:50,35.7330151,51.584568,43902487,-76,432,35,12464,LTE_registered
2025-08-29 21:18:50,35.733022,51.5845809,43902487,-76,432,35,12464,LTE_registered
2025-08-29 21:18:51,35.7330293,51.584594,43902487,-76,432,35,12464,LTE_registered
2025-08-29 21:18:53,35.7330452,51.58462,43902487,-77,432,35,12464,LTE_registered
2025-08-29 21:18:54,35.7330538,51.5846314,43902487,-78,432,35,12464,LTE_registered
2025-08-29 21:18:56,35.7330725,51.5846576,43902487,-77,432,35,12464,LTE_registered
2025-08-29 21:18:57,35.7330781,51.5846688,43902487,-77,432,35,12464,LTE_registered
2025-08-29 21:18:59,35.7330926,51.5846953,43902487,-79,432,35,12464,LTE_registered
2025-08-29 21:19:01,35.7331092,51.5847201,43902487,-81,432,35,12464,LTE_registered
2025-08-29 21:19:03,35.7331186,51.5847363,43902487,-81,432,35,12464,LTE_registered
2025-08-29 21:19:04,35.7331323,51.5847598,43902487,-80,432,35,12464,LTE_registered
2025-08-29 21:19:05,35.7331412,51.5847735,43902487,-82,432,35,12464,LTE_registered
2025-08-29 21:19:07,35.7331606,51.5847996,43902487,-82,432,35,12464,LTE_registered
2025-08-29 21:19:08,35.7331699,51.5848138,43902487,-82,432,35,12464,LTE_registered
2025-08-29 21:19:10,35.7331833,51.5848411,43902487,-82,432,35,12464,LTE_registered
2025-08-29 21:19:12,35.733198,51.5848672,43902527,-82,432,35,12464,LTE_registered
2025-08-29 21:19:14,35.7332134,51.584893,43902527,-84,432,35,12464,LTE_registered
2025-08-29 21:19:16,35.7332215,51.5849057,43902527,-84,432,35,12464,LTE_registered
2025-08-29 21:19:16,35.7332296,51.5849168,43902527,-79,432,35,12464,LTE_registered
2025-08-29 21:19:18,35.7332458,51.5849421,43902527,-82,432,35,12464,LTE_registered
2025-08-29 21:19:20,35.7332585,51.5849668,43902527,-82,432,35,12464,LTE_registered
2025-08-29 21:19:21,35.7332647,51.5849813,43902527,-83,432,35,12464,LTE_registered
2025-08-29 21:19:23,35.7332802,51.5850015,43902527,-84,432,35,12464,LTE_registered
2025-08-29 21:19:25,35.7332866,51.5850154,43902527,-84,432,35,12464,LTE_registered
2025-08-29 21:19:25,35.7332918,51.5850287,43902527,-85,432,35,12464,LTE_registered
2025-08-29 21:19:26,35.7332973,51.5850419,43902527,-85,432,35,12464,LTE_registered
2025-08-29 21:19:28,35.7333163,51.5850628,43902527,-86,432,35,12464,LTE_registered
2025-08-29 21:19:29,35.7333223,51.5850767,43902527,-86,432,35,12464,LTE_registered
2025-08-29 21:19:31,35.7333364,51.5851054,43902527,-85,432,35,12464,LTE_registered
2025-08-29 21:19:32,35.733348,51.5851203,43902527,-87,432,35,12464,LTE_registered
2025-08-29 21:19:34,35.7333621,51.5851445,43902527,-87,432,35,12464,LTE_registered
2025-08-29 21:19:36,35.7333826,51.5851749,44512032,-87,432,35,12464,LTE_registered
2025-08-29 21:19:37,35.7333896,51.5851813,44512032,-85,432,35,12464,LTE_registered
2025-08-29 21:19:38,35.7333973,51.5851944,44512032,-85,432,35,12464,LTE_registered
2025-08-29 21:19:40,35.7334132,51.5852195,44512032,-86,432,35,12464,LTE_registered
2025-08-29 21:19:41,35.7334214,51.5852317,44512032,-86,432,35,12464,LTE_registered
2025-08-29 21:19:43,35.7334351,51.5852564,44512032,-86,432,35,12464,LTE_registered
2025-08-29 21:19:44,35.7334431,51.5852685,44512032,-87,432,35,12464,LTE_registered
2025-08-29 21:19:46,35.7334616,51.585292,44512032,-82,432,35,12464,LTE_registered
2025-08-29 21:19:47,35.7334755,51.5853101,44512032,-82,432,35,12464,LTE_registered
2025-08-29 21:19:49,35.7334811,51.5853197,44512032,-85,432,35,12464,LTE_registered
2025-08-29 21:19:50,35.7334967,51.5853455,44512032,-85,432,35,12464,LTE_registered
2025-08-29 21:19:52,35.7335129,51.5853694,44512032,-82,432,35,12464,LTE_registered
2025-08-29 21:19:53,35.7335192,51.5853811,44512032,-82,432,35,12464,LTE_registered
2025-08-29 21:19:55,35.7335336,51.5854097,44512032,-83,432,35,12464,LTE_registered
2025-08-29 21:19:56,35.7335447,51.5854219,44512032,-83,432,35,12464,LTE_registered
2025-08-29 21:19:57,35.733551,51.5854342,44512032,-80,432,35,12464,LTE_registered
2025-08-29 21:19:59,35.7335651,51.58546,44512032,-80,432,35,12464,LTE_registered
2025-08-29 21:20:00,35.7335755,51.5854705,44512032,-76,432,35,12464,LTE_registered
2025-08-29 21:20:02,35.7336008,51.5854898,44512032,-77,432,35,12464,LTE_registered
2025-08-29 21:20:04,35.7336111,51.5855106,44512032,-77,432,35,12464,LTE_registered
2025-08-29 21:20:06,35.7336237,51.5855381,44512032,-69,432,35,12464,LTE_registered
2025-08-29 21:20:08,35.7336468,51.5855628,44512032,-77,432,35,12464,LTE_registered
2025-08-29 21:20:09,35.7336511,51.5855784,44512032,-80,432,35,12464,LTE_registered
2025-08-29 21:20:11,35.7336568,51.5856137,44512032,-80,432,35,12464,LTE_registered
2025-08-29 21:20:13,35.7336627,51.5856483,44512032,-80,432,35,12464,LTE_registered
2025-08-29 21:20:14,35.733666,51.5856614,44512032,-79,432,35,12464,LTE_registered
2025-08-29 21:20:15,35.7336689,51.5856754,44512032,-79,432,35,12464,LTE_registered
2025-08-29 21:20:17,35.7336735,51.5857067,44512032,-77,432,35,12464,LTE_registered
2025-08-29 21:20:18,35.7336767,51.5857125,44512032,-77,432,35,12464,LTE_registered
2025-08-29 21:20:19,35.7336823,51.5857267,44512032,-81,432,35,12464,LTE_registered
2025-08-29 21:20:20,35.7336881,51.5857412,44512032,-81,432,35,12464,LTE_registered
2025-08-29 21:20:22,35.7337014,51.5857691,44512032,-80,432,35,12464,LTE_registered
2025-08-29 21:20:23,35.7337088,51.5857832,44512032,-81,432,35,12464,LTE_registered
2025-08-29 21:20:25,35.7337239,51.5858113,43902527,-79,432,35,12464,LTE_registered
2025-08-29 21:20:26,35.733732,51.5858261,43902527,-79,432,35,12464,LTE_registered
2025-08-29 21:20:28,35.7337462,51.5858545,43902527,-81,432,35,12464,LTE_registered
2025-08-29 21:20:30,35.7337593,51.5858804,43902527,-75,432,35,12464,LTE_registered
2025-08-29 21:20:32,35.7337721,51.5859051,43902527,-75,432,35,12464,LTE_registered
2025-08-29 21:20:33,35.7337796,51.5859186,43902527,-79,432,35,12464,LTE_registered
2025-08-29 21:20:34,35.7337981,51.5859258,43902527,-79,432,35,12464,LTE_registered
2025-08-29 21:20:35,35.7338043,51.585935,43902527,-80,432,35,12464,LTE_registered
2025-08-29 21:20:37,35.7338193,51.5859639,43902527,-78,432,35,12464,LTE_registered
2025-08-29 21:20:38,35.7338241,51.5859719,43902527,-78,432,35,12464,LTE_registered
2025-08-29 21:20:40,35.7338371,51.5859961,43902537,-69,432,35,12464,LTE_registered
2025-08-29 21:20:42,35.7338441,51.5860098,43902537,-69,432,35,12464,LTE_registered
2025-08-29 21:20:42,35.7338491,51.5860228,43902537,-67,432,35,12464,LTE_registered
2025-08-29 21:20:45,35.7338645,51.586053,43902537,-66,432,35,12464,LTE_registered
2025-08-29 21:20:46,35.7338763,51.5860766,43902537,-66,432,35,12464,LTE_registered
2025-08-29 21:20:47,35.7338881,51.5860806,43902537,-66,432,35,12464,LTE_registered
2025-08-29 21:20:48,35.7338976,51.5860893,43902537,-66,432,35,12464,LTE_registered
2025-08-29 21:20:50,35.7339123,51.5861158,43902537,-64,432,35,12464,LTE_registered
2025-08-29 21:20:51,35.7339185,51.5861289,43902537,-63,432,35,12464,LTE_registered
2025-08-29 21:20:53,35.7339304,51.5861555,43902537,-63,432,35,12464,LTE_registered
2025-08-29 21:20:54,35.7339338,51.5861765,43902537,-63,432,35,12464,LTE_registered
2025-08-29 21:20:56,35.7339468,51.5861965,43902537,-63,432,35,12464,LTE_registered
2025-08-29 21:20:57,35.7339574,51.5862165,43902537,-63,432,35,12464,LTE_registered
2025-08-29 21:20:59,35.7339705,51.5862342,43902537,-66,432,35,12464,LTE_registered
2025-08-29 21:21:01,35.733978,51.5862478,43902537,-67,432,35,12464,LTE_registered
2025-08-29 21:21:02,35.7339922,51.5862677,43902537,-67,432,35,12464,LTE_registered
2025-08-29 21:21:03,35.7340001,51.5862796,43902537,-65,432,35,12464,LTE_registered
2025-08-29 21:21:05,35.7340056,51.5863072,43902537,-65,432,35,12464,LTE_registered
2025-08-29 21:21:06,35.7340169,51.5863134,43902537,-66,432,35,12464,LTE_registered
2025-08-29 21:21:08,35.7340346,51.5863344,43902537,-65,432,35,12464,LTE_registered
2025-08-29 21:21:09,35.7340339,51.5863508,43902537,-65,432,35,12464,LTE_registered
2025-08-29 21:21:11,35.7340451,51.586374,43902537,-64,432,35,12464,LTE_registered
2025-08-29 21:21:12,35.734053,51.5863854,43902537,-67,432,35,12464,LTE_registered
2025-08-29 21:21:14,35.7340736,51.5864067,43902537,-67,432,35,12464,LTE_registered
2025-08-29 21:21:15,35.7340827,51.5864133,43902537,-68,432,35,12464,LTE_registered
2025-08-29 21:21:17,35.7341008,51.5864315,43902537,-68,432,35,12464,LTE_registered
2025-08-29 21:21:18,35.7341044,51.5864455,43902537,-65,432,35,12464,LTE_registered
2025-08-29 21:21:20,35.7341198,51.5864646,43902537,-68,432,35,12464,LTE_registered
2025-08-29 21:21:22,35.7341371,51.5864835,43902537,-67,432,35,12464,LTE_registered
2025-08-29 21:21:24,35.7341557,51.5865121,43902537,-67,432,35,12464,LTE_registered
2025-08-29 21:21:26,35.7341614,51.5865205,43902537,-66,432,35,12464,LTE_registered
2025-08-29 21:21:26,35.7341709,51.5865259,43902537,-66,432,35,12464,LTE_registered
2025-08-29 21:21:27,35.7341806,51.5865331,43902477,-72,432,35,12464,LTE_registered
2025-08-29 21:21:29,35.7342002,51.5865597,43902477,-73,432,35,12464,LTE_registered
2025-08-29 21:21:31,35.7342141,51.5865803,43902477,-73,432,35,12464,LTE_registered
2025-08-29 21:21:33,35.7342317,51.5866041,43902477,-72,432,35,12464,LTE_registered
2025-08-29 21:21:34,35.7342433,51.5866165,43902477,-69,432,35,12464,LTE_registered
2025-08-29 21:21:36,35.7342602,51.5866365,43902477,-69,432,35,12464,LTE_registered
2025-08-29 21:21:38,35.7342815,51.586654,43902477,-72,432,35,12464,LTE_registered
2025-08-29 21:21:40,35.7342915,51.5866637,43902477,-72,432,35,12464,LTE_registered
2025-08-29 21:21:41,35.7343021,51.5866901,43902477,-73,432,35,12464,LTE_registered
2025-08-29 21:21:43,35.7343086,51.5867193,43902477,-73,432,35,12464,LTE_registered
2025-08-29 21:21:45,35.7343142,51.5867503,43902477,-75,432,35,12464,LTE_registered
2025-08-29 21:21:47,35.7343255,51.5867742,43902477,-75,432,35,12464,LTE_registered
2025-08-29 21:21:50,35.7343421,51.5868047,43902477,-70,432,35,12464,LTE_registered
2025-08-29 21:21:50,35.7343458,51.5868133,43902477,-70,432,35,12464,LTE_registered
2025-08-29 21:21:52,35.7343585,51.5868407,43902477,-70,432,35,12464,LTE_registered
2025-08-29 21:21:53,35.7343665,51.5868552,43902477,-72,432,35,12464,LTE_registered
2025-08-29 21:21:54,35.7343755,51.5868673,43902477,-72,432,35,12464,LTE_registered
2025-08-29 21:21:56,35.734392,51.5868928,43902477,-71,432,35,12464,LTE_registered
2025-08-29 21:21:57,35.7343988,51.5869062,43902477,-71,432,35,12464,LTE_registered
2025-08-29 21:21:58,35.7344085,51.5869179,43902477,-73,432,35,12464,LTE_registered
2025-08-29 21:21:59,35.7344163,51.5869266,43902477,-73,432,35,12464,LTE_registered
2025-08-29 21:22:00,35.7344241,51.5869371,43902477,-74,432,35,12464,LTE_registered
2025-08-29 21:22:02,35.7344384,51.5869593,43902477,-76,432,35,12464,LTE_registered
2025-08-29 21:22:04,35.7344539,51.5869893,43902477,-76,432,35,12464,LTE_registered
2025-08-29 21:22:06,35.7344595,51.5869967,43902477,-73,432,35,12464,LTE_registered
2025-08-29 21:22:06,35.7344665,51.5870061,43902477,-72,432,35,12464,LTE_registered
2025-08-29 21:22:07,35.7344734,51.5870177,43902477,-72,432,35,12464,LTE_registered
2025-08-29 21:22:08,35.73448,51.58703,43902477,-73,432,35,12464,LTE_registered
2025-08-29 21:22:09,35.7344891,51.5870469,43902477,-73,432,35,12464,LTE_registered
2025-08-29 21:22:11,35.7345013,51.5870655,43902477,-71,432,35,12464,LTE_registered
2025-08-29 21:22:13,35.7345146,51.5870911,43902477,-76,432,35,12464,LTE_registered
2025-08-29 21:22:14,35.7345245,51.5871068,43902477,-76,432,35,12464,LTE_registered
2025-08-29 21:22:15,35.7345309,51.5871176,43902477,-76,432,35,12464,LTE_registered
2025-08-29 21:22:17,35.7345461,51.5871463,43902477,-76,432,35,12464,LTE_registered
2025-08-29 21:22:18,35.7345587,51.5871633,43902477,-82,432,35,12464,LTE_registered
2025-08-29 21:22:19,35.734564,51.5871739,43902477,-82,432,35,12464,LTE_registered
2025-08-29 21:22:21,35.7345782,51.5872001,43902477,-78,432,35,12464,LTE_registered
2025-08-29 21:22:23,35.7345932,51.5872267,43902477,-75,432,35,12464,LTE_registered
2025-08-29 21:22:24,35.7346007,51.587247,43902477,-74,432,35,12464,LTE_registered
2025-08-29 21:22:26,35.7346097,51.5872721,43902477,-74,432,35,12464,LTE_registered
2025-08-29 21:22:28,35.7346252,51.5872974,43902477,-79,432,35,12464,LTE_registered
2025-08-29 21:22:29,35.7346367,51.5873117,43902477,-76,432,35,12464,LTE_registered
2025-08-29 21:22:30,35.7346415,51.5873205,43902477,-76,432,35,12464,LTE_registered
2025-08-29 21:22:32,35.7346544,51.5873468,43902477,-76,432,35,12464,LTE_registered
2025-08-29 21:22:33,35.734661,51.587361,43902477,-79,432,35,12464,LTE_registered
2025-08-29 21:22:35,35.7346746,51.5873882,43902477,-79,432,35,12464,LTE_registered
2025-08-29 21:22:36,35.7346853,51.5873987,43902477,-78,432,35,12464,LTE_registered
2025-08-29 21:22:37,35.7346956,51.5874093,43902477,-78,432,35,12464,LTE_registered
2025-08-29 21:22:38,35.7347058,51.5874236,43902477,-79,432,35,12464,LTE_registered
2025-08-29 21:22:39,35.7347118,51.5874352,43902477,-79,432,35,12464,LTE_registered
2025-08-29 21:22:41,35.7347261,51.5874584,43902477,-82,432,35,12464,LTE_registered
2025-08-29 21:22:42,35.7347342,51.5874716,43902477,-82,432,35,12464,LTE_registered
2025-08-29 21:22:43,35.734741,51.5874824,43902477,-79,432,35,12464,LTE_registered
2025-08-29 21:22:44,35.7347475,51.5874943,43902477,-79,432,35,12464,LTE_registered
2025-08-29 21:22:45,35.7347594,51.5875107,43902477,-76,432,35,12464,LTE_registered
2025-08-29 21:22:47,35.7347698,51.5875368,43902477,-80,432,35,12464,LTE_registered
2025-08-29 21:22:48,35.734774,51.5875494,43902477,-80,432,35,12464,LTE_registered
2025-08-29 21:22:50,35.7347854,51.5875752,43902477,-84,432,35,12464,LTE_registered
2025-08-29 21:22:52,35.7347948,51.5876019,43902477,-79,432,35,12464,LTE_registered
2025-08-29 21:22:54,35.7348083,51.587624,43902477,-79,432,35,12464,LTE_registered
2025-08-29 21:22:55,35.7348065,51.5876399,43902477,-79,432,35,12464,LTE_registered
2025-08-29 21:22:56,35.7348126,51.5876511,43902477,-77,432,35,12464,LTE_registered
2025-08-29 21:22:58,35.7348296,51.5876818,43902477,-77,432,35,12464,LTE_registered
2025-08-29 21:23:00,35.7348397,51.5877047,43902477,-80,432,35,12464,LTE_registered
2025-08-29 21:23:01,35.734847,51.5877172,43902477,-75,432,35,12464,LTE_registered
2025-08-29 21:23:03,35.7348618,51.5877446,43902477,-74,432,35,12464,LTE_registered
2025-08-29 21:23:05,35.734883,51.5877619,43902477,-69,432,35,12464,LTE_registered
2025-08-29 21:23:07,35.7348965,51.5877907,43902477,-69,432,35,12464,LTE_registered
2025-08-29 21:23:08,35.7349042,51.5878052,43902477,-72,432,35,12464,LTE_registered
2025-08-29 21:23:10,35.7349235,51.5878314,43902477,-73,432,35,12464,LTE_registered
2025-08-29 21:23:12,35.7349383,51.5878547,43902487,-74,432,35,12464,LTE_registered
2025-08-29 21:23:14,35.7349541,51.5878796,43902487,-74,432,35,12464,LTE_registered
2025-08-29 21:23:16,35.7349751,51.5879018,43902487,-77,432,35,12464,LTE_registered
2025-08-29 21:23:17,35.7349864,51.5879111,43902487,-86,432,35,12464,LTE_registered
2025-08-29 21:23:18,35.7350001,51.5879233,43902487,-86,432,35,12464,LTE_registered
2025-08-29 21:23:19,35.7350076,51.5879323,43902487,-86,432,35,12464,LTE_registered
2025-08-29 21:23:21,35.7350225,51.5879584,43902487,-86,432,35,12464,LTE_registered
2025-08-29 21:23:22,35.7350303,51.5879703,43902487,-85,432,35,12464,LTE_registered
2025-08-29 21:23:23,35.7350387,51.587982,43902487,-85,432,35,12464,LTE_registered
2025-08-29 21:23:24,35.7350468,51.5879953,43902487,-83,432,35,12464,LTE_registered
2025-08-29 21:23:25,35.7350648,51.5879991,43902487,-83,432,35,12464,LTE_registered
2025-08-29 21:23:28,35.7350876,51.5880181,43902487,-77,432,35,12464,LTE_registered
2025-08-29 21:23:28,35.7350966,51.5880275,43902487,-85,432,35,12464,LTE_registered
2025-08-29 21:23:30,35.735114,51.5880432,43902487,-85,432,35,12464,LTE_registered
2025-08-29 21:23:32,35.7351254,51.5880694,43902487,-82,432,35,12464,LTE_registered
2025-08-29 21:23:33,35.735132,51.5880845,43902487,-82,432,35,12464,LTE_registered
2025-08-29 21:23:34,35.735139,51.5880986,43902487,-82,432,35,12464,LTE_registered
2025-08-29 21:23:35,35.735143,51.5881062,43902487,-82,432,35,12464,LTE_registered
2025-08-29 21:23:36,35.7351488,51.5881183,43902487,-73,432,35,12464,LTE_registered
2025-08-29 21:23:38,35.735163,51.5881534,43902487,-77,432,35,12464,LTE_registered
2025-08-29 21:23:39,35.7351673,51.5881628,43902487,-77,432,35,12464,LTE_registered
2025-08-29 21:23:41,35.7351826,51.5881869,43902487,-78,432,35,12464,LTE_registered
2025-08-29 21:23:42,35.7351901,51.5881994,43902487,-78,432,35,12464,LTE_registered
2025-08-29 21:23:43,35.7351966,51.5882128,43902487,-77,432,35,12464,LTE_registered
2025-08-29 21:23:46,35.7352105,51.588244,43902487,-77,432,35,12464,LTE_registered
2025-08-29 21:23:47,35.7352243,51.5882635,43902487,-77,432,35,12464,LTE_registered
2025-08-29 21:23:49,35.7352363,51.588286,43902487,-75,432,35,12464,LTE_registered
2025-08-29 21:23:50,35.7352437,51.5882978,43902487,-77,432,35,12464,LTE_registered
2025-08-29 21:23:52,35.7352582,51.5883164,43902487,-80,432,35,12464,LTE_registered
2025-08-29 21:23:54,35.7352732,51.5883366,43902487,-82,432,35,12464,LTE_registered
2025-08-29 21:23:56,35.7352864,51.5883649,43902487,-82,432,35,12464,LTE_registered
2025-08-29 21:23:57,35.7352914,51.5883793,43902487,-77,432,35,12464,LTE_registered
2025-08-29 21:23:58,35.7353018,51.5883992,43902487,-77,432,35,12464,LTE_registered
2025-08-29 21:24:00,35.7353097,51.5884223,43902487,-79,432,35,12464,LTE_registered
2025-08-29 21:24:01,35.7353161,51.5884356,43902487,-76,432,35,12464,LTE_registered
2025-08-29 21:24:03,35.7353341,51.5884568,43902487,-76,432,35,12464,LTE_registered
2025-08-29 21:24:04,35.7353431,51.5884683,43902487,-76,432,35,12464,LTE_registered
2025-08-29 21:24:05,35.7353506,51.5884858,43902487,-76,432,35,12464,LTE_registered
2025-08-29 21:24:07,35.7353723,51.5885008,43902487,-74,432,35,12464,LTE_registered
2025-08-29 21:24:09,35.7353954,51.5885195,43902487,-78,432,35,12464,LTE_registered
2025-08-29 21:24:10,35.7354121,51.5885318,43902487,-78,432,35,12464,LTE_registered
2025-08-29 21:24:11,35.7354197,51.5885375,43902487,-78,432,35,12464,LTE_registered
2025-08-29 21:24:12,35.7354285,51.5885502,43902487,-83,432,35,12464,LTE_registered
2025-08-29 21:24:14,35.7354465,51.588578,43902487,-85,432,35,12464,LTE_registered
2025-08-29 21:24:15,35.7354587,51.5885979,43902487,-85,432,35,12464,LTE_registered
2025-08-29 21:24:17,35.7354725,51.5886194,43902487,-86,432,35,12464,LTE_registered
2025-08-29 21:24:19,35.7354901,51.5886473,43902487,-84,432,35,12464,LTE_registered
2025-08-29 21:24:21,35.7355066,51.5886734,43902487,-87,432,35,12464,LTE_registered
2025-08-29 21:24:23,35.7355201,51.5887013,43902487,-87,432,35,12464,LTE_registered
2025-08-29 21:24:25,35.735534,51.5887319,43902487,-84,432,35,12464,LTE_registered
2025-08-29 21:24:26,35.735547,51.5887441,43902487,-91,432,35,12464,LTE_registered
2025-08-29 21:24:29,35.7355663,51.5887699,43902487,-91,432,35,12464,LTE_registered
2025-08-29 21:24:29,35.7355736,51.5887844,43902487,-91,432,35,12464,LTE_registered
2025-08-29 21:24:30,35.735578,51.5888127,43902487,-96,432,35,12464,LTE_registered
2025-08-29 21:24:31,35.7355851,51.5888236,43902487,-96,432,35,12464,LTE_registered
2025-08-29 21:24:33,35.735603,51.5888483,43902487,-94,432,35,12464,LTE_registered
2025-08-29 21:24:34,35.7356151,51.5888577,43902487,-94,432,35,12464,LTE_registered
2025-08-29 21:24:35,35.7356308,51.588864,43902487,-92,432,35,12464,LTE_registered
2025-08-29 21:24:36,35.7356448,51.5888673,43902487,-92,432,35,12464,LTE_registered
2025-08-29 21:24:38,35.7356692,51.5888709,43902487,-89,432,35,12464,LTE_registered
2025-08-29 21:24:39,35.7356793,51.5888741,43902487,-91,432,35,12464,LTE_registered
2025-08-29 21:24:41,35.7356968,51.5888722,43902487,-91,432,35,12464,LTE_registered
2025-08-29 21:24:42,35.7357023,51.5888587,43902487,-89,432,35,12464,LTE_registered
